Sample_geo_accession	Sample	Order	Signature	PTEN IHC Status	HER2 Amplified	PIK3CA Mutant	PIK3CA AA Change	ER Status	Stathmin IHC Score
GSM120468	Ca6012	19	Absent	1	0	0		1	nd
GSM120469	Ca6014	74	Present	0	0	0		0	12
GSM120470	Ca6021	54	Absent	1	0	0		0	6
GSM120475	Ca6042	15	Absent	1	0	0		1	2
GSM120477	Ca6061	26	Absent	1	0	0		1	0
GSM120478	Ca6110	48	Absent	1	0	0		1	7
GSM120481	Ca6125	6	Absent	1	0	1	N345K	1	2
GSM120483	Ca6144	70	Present	0	0	0		0	12
GSM120484	Ca6146	27	Absent	1	0	0		1	4
GSM120485	Ca6165	12	Absent	1	1	0		0	7
GSM120486	Ca6188	22	Absent	1	0	1	C420R	1	0
GSM120487	Ca6206	21	Absent	1	1	0		1	10
GSM120488	Ca6219	20	Absent	1	0	1	E542K	1	3
GSM120489	Ca6257	72	Present	0	0	0		0	12
GSM120492	Ca6318	33	Absent	1	0	0		0	10
GSM120493	Ca6366	28	Absent	1	0	1	E545K	1	8
GSM120494	Ca6388	71	Present	0	0	0		0	9
GSM120495	Ca6464	23	Absent	1	0	0		1	0
GSM120496	Ca6474	24	Absent	1	0	0		1	5
GSM120497	Ca6516	7	Absent	1	0	0		0	nd
GSM120498	Ca6537	69	Present	0	0	0		0	11
GSM120500	Ca6617	29	Absent	1	0	1	E545K	1	6
GSM120501	Ca6687	63	Present	0	0	0		0	0
GSM120503	Ca6716	75	Present	0	0	0		0	12
GSM120505	Ca6773	60	Present	1	0	1	H1047R	1	3
GSM120506	Ca7102	61	Present	0	0	1	C420R	1	6
GSM120508	Ca7106	18	Absent	1	0	0		1	3
GSM120510	Ca7151	45	Absent	1	1	0		0	7
GSM120512	Ca7168	104	Present	1	1	1	H1047R	0	8
GSM120515	Ca7170	58	Present	1	0	1	H1047R	0	0
GSM120516	Ca7214	40	Absent	1	1	0		0	11
GSM120518	Ca7244	53	Absent	1	0	1	E545K	1	2
GSM120520	Ca7246	73	Present	0	0	0		0	nd
GSM120522	Ca7357	65	Present	1	0	0		0	12
GSM120524	Ca7366	46	Absent	1	0	1	E545K	1	0
GSM120526	Ca7367	89	Present	0	0	0		0	6
GSM120528	Ca7398	43	Absent	1	0	1	H1047R	0	nd
GSM120529	Ca7408	30	Absent	1	0	1	E545K	1	3
GSM120532	Ca7422	68	Present	0	0	0		0	12
GSM120534	Ca7461	8	Absent	1	1	0		0	4
GSM120536	Ca7493	80	Present	0	0	0		0	12
GSM120537	Ca7495	51	Absent	0	0	0		1	1
GSM120539	Ca7549	78	Present	0	0	0		0	12
GSM120540	Ca7583	103	Present	1	1	1	E545K	0	12
GSM120541	Ca7589	86	Present	0	0	1	H1047R	1	6
GSM120542	Ca7604	85	Present	1	0	0		0	nd
GSM120543	Ca7609	49	Absent	1	0	0		1	7
GSM120544	Ca7632	105	Present	1	0	0		1	8
GSM120545	Ca7722	90	Present	0	1	0		1	11
GSM120546	Ca7732	79	Present	1	nd	0		0	nd
GSM120547	Ca7811	87	Present	0	1	0		0	12
GSM120548	Ca7845	92	Present	0	0	0		0	7
GSM120549	Ca7921	76	Present	0	0	0		0	12
GSM120550	Ca7982	42	Absent	1	0	0		0	4
GSM120551	Ca8173	55	Absent	1	nd	1	C420R	1	nd
GSM120552	Ca8174	37	Absent	1	0	0		0	nd
GSM120553	Ca8196	81	Present	0	0	0		0	nd
GSM120554	Ca8212	77	Present	0	0	0		0	12
GSM120555	Ca8237	50	Absent	0	0	0		1	1
GSM120556	Ca8290	97	Present	1	1	1	F909L	0	7
GSM120557	Ca8333	39	Absent	1	0	0		0	5
GSM120558	Ca8401	88	Present	0	0	0		1	0
GSM120559	Ca8477	102	Present	1	0	0		0	12
GSM120560	Ca8537	94	Present	1	1	0		1	nd
GSM120561	Ca8560	84	Present	1	0	0		0	9
GSM120562	Ca8582	35	Absent	1	0	0		1	1
GSM120563	Ca8610	82	Present	1	0	0		0	9
GSM120564	Ca8676	96	Present	1	1	0		0	8
GSM120565	Ca8800	101	Present	1	0	1	H1047R	0	11
GSM120566	Ca8860	62	Present	1	1	1	H1047R	0	5
GSM120567	Ca9077	93	Present	0	nd	nd		0	5
GSM120568	Ca9079	91	Present	1	1	0		0	11
GSM120569	Ca9126	36	Absent	1	0	0		1	3
GSM120570	Ca9159	4	Absent	0	0	0		1	0
GSM120571	Ca9174	38	Absent	1	0	0		1	nd
GSM120572	Ca9298	83	Present	1	0	0		0	8
GSM120573	Ca9539	34	Absent	0	0	0		1	0
GSM120592	Ca9552	98	Present	1	1	0		0	5
GSM120593	Ca9701	99	Present	1	0	0		0	6
GSM120595	Ca9732	44	Absent	0	0	0		0	5
GSM120596	Ca9765	47	Absent	1	1	0		0	2
GSM120597	Ca10109	32	Absent	0	0	1	C420R	1	2
GSM120598	Ca9795	41	Absent	1	0	1	E542K	1	3
GSM120599	Ca10289	67	Present	0	0	0		1	6
GSM120600	Ca10335	5	Absent	1	0	0		0	2
GSM120601	Ca10419	14	Absent	1	0	1	H1047R	1	2
GSM120602	Ca10426	59	Present	1	1	0		0	11
GSM120603	Ca10481	17	Absent	1	0	0		0	12
GSM120604	Ca10580	56	Present	1	0	0		1	9
GSM120605	Ca10591	10	Absent	1	0	0		0	3
GSM120606	Ca10607	100	Present	1	0	0		0	12
GSM120625	Ca9909	52	Absent	0	0	0		1	nd
GSM120626	Ca10879	57	Present	1	1	1	H1047R	1	6
GSM120627	Ca10960	13	Absent	0	0	0		1	5
GSM120628	Ca11205	31	Absent	1	0	0		0	3
GSM120629	Ca11379	16	Absent	1	0	0		0	nd
GSM120630	Ca11442	1	Absent	0	1	0		1	7
GSM120631	Ca11460	66	Present	0	0	1	H701P	0	6
GSM120632	Ca11522	3	Absent	1	1	1	H1047R	1	nd
GSM120633	Ca11570	11	Absent	1	0	0		1	7
GSM120634	Ca11591	95	Present	1	1	0		0	2
GSM120635	Ca11620	64	Present	0	1	0		0	9
GSM120636	Ca11829	2	Absent	0	1	1	E542K	0	6
GSM120637	Ca11968	9	Absent	1	1	1	N1044K	1	3
GSM120639	Ca13351	25	Absent	1	0	1	P539R	0	nd
